{
    "dev_id": 0,
    "yolov5_bmodel_path": "../../models/yolov5s-licensePlate/BM1688/yolov5s_v6.1_license_3output_int8_4b_2core.bmodel",
    "lprnet_bmodel_path": "../../models/lprnet/BM1688/lprnet_int8_4b_2core.bmodel",
    "channels": [
      {
        "url": "../../datasets/1080_1920_30s_512kb.mp4",
        "is_video": true
      },
      {
        "url": "../../datasets/1080_1920_30s_512kb.mp4",
        "is_video": true
      },
      {
        "url": "../../datasets/1080_1920_30s_512kb.mp4",
        "is_video": true
      },
      {
        "url": "../../datasets/1080_1920_30s_512kb.mp4",
        "is_video": true
      },
      {
        "url": "../../datasets/1080_1920_30s_512kb.mp4",
        "is_video": true
      },
      {
        "url": "../../datasets/1080_1920_30s_512kb.mp4",
        "is_video": true
      },
      {
        "url": "../../datasets/1080_1920_30s_512kb.mp4",
        "is_video": true
      },
      {
        "url": "../../datasets/1080_1920_30s_512kb.mp4",
        "is_video": true
      },
      {
        "url": "../../datasets/1080_1920_30s_512kb.mp4",
        "is_video": true
      },
      {
        "url": "../../datasets/1080_1920_30s_512kb.mp4",
        "is_video": true
      },
      {
        "url": "../../datasets/1080_1920_30s_512kb.mp4",
        "is_video": true
      },
      {
        "url": "../../datasets/1080_1920_30s_512kb.mp4",
        "is_video": true
      },
      {
        "url": "../../datasets/1080_1920_30s_512kb.mp4",
        "is_video": true
      },
      {
        "url": "../../datasets/1080_1920_30s_512kb.mp4",
        "is_video": true
      },
      {
        "url": "../../datasets/1080_1920_30s_512kb.mp4",
        "is_video": true
      },
      {
        "url": "../../datasets/1080_1920_30s_512kb.mp4",
        "is_video": true
      }
    ],
    "yolov5_num_pre": 4,
    "yolov5_num_post": 8,
    "lprnet_num_pre": 4,
    "lprnet_num_post": 8,
    "yolov5_queue_size": 20,
    "lprnet_queue_size": 200,
    "yolov5_conf_thresh": 0.6,
    "yolov5_nms_thresh": 0.6,
    
    "frame_sample_interval": 3,
    "in_frame_num": 5, 
    "out_frame_num": 3, 
    "crop_thread_num": 2, 
    "push_data_thread_num": 2,
    "perf_out_time_interval": 30
}